SKU;Categoria;Descripcion;Vehiculo / Modelo / Añ;Marca;Codigo de fabrica;Stock Actual
FRE-BOS-1001;Frenos;Pastillas de freno;Ford Fiesta / 2005;Bosch;BOS1001;78
FRE-BOS-1002;Frenos;Disco de freno;Toyota Corolla / 2021;Bosch;BOS1002;63
FRE-BOS-1003;Frenos;Pastillas de freno;Peugeot 206 / 2014;Bosch;BOS1003;64
FRE-BOS-1004;Frenos;Cilindro de freno;Volkswagen Gol / 2013;Bosch;BOS1004;102
FRE-BOS-1005;Frenos;Pastillas de freno;Volkswagen Gol / 1998;Bosch;BOS1005;60
FRE-BOS-1006;Frenos;Pastillas de freno;Volkswagen Gol / 2019;Bosch;BOS1006;25
FRE-VAL-1007;Frenos;Cilindro de freno;Fiat Palio / 2010;Valeo;VAL1007;128
FRE-VAL-1008;Frenos;Pastillas de freno;Renault Clio / 2022;Valeo;VAL1008;102
FRE-VAL-1009;Frenos;Disco de freno;Renault Clio / 2020;Valeo;VAL1009;108
FRE-VAL-1010;Frenos;Cilindro de freno;Peugeot 206 / 1999;Valeo;VAL1010;41
FRE-VAL-1011;Frenos;Pastillas de freno;Chevrolet Corsa / 2007;Valeo;VAL1011;83
FRE-VAL-1012;Frenos;Disco de freno;Chevrolet Corsa / 2011;Valeo;VAL1012;45
FRE-SKF-1013;Frenos;Cilindro de freno;Volkswagen Gol / 2010;SKF;SKF1013;115
FRE-SKF-1014;Frenos;Cilindro de freno;Ford Fiesta / 2005;SKF;SKF1014;32
FRE-SKF-1015;Frenos;Disco de freno;Ford Fiesta / 2005;SKF;SKF1015;50
FRE-SKF-1016;Frenos;Disco de freno;Peugeot 206 / 2003;SKF;SKF1016;118
FRE-SKF-1017;Frenos;Pastillas de freno;Renault Clio / 2009;SKF;SKF1017;19
FRE-SKF-1018;Frenos;Cilindro de freno;Toyota Corolla / 2001;SKF;SKF1018;73
FRE-TRW-1019;Frenos;Cilindro de freno;Peugeot 206 / 2005;TRW;TRW1019;15
FRE-TRW-1020;Frenos;Pastillas de freno;Toyota Corolla / 2020;TRW;TRW1020;86
FRE-TRW-1021;Frenos;Pastillas de freno;Chevrolet Corsa / 2019;TRW;TRW1021;34
FRE-TRW-1022;Frenos;Cilindro de freno;Chevrolet Corsa / 2000;TRW;TRW1022;142
FRE-TRW-1023;Frenos;Disco de freno;Ford Fiesta / 2007;TRW;TRW1023;10
FRE-TRW-1024;Frenos;Pastillas de freno;Volkswagen Gol / 2007;TRW;TRW1024;14
FRE-ACD-1025;Frenos;Disco de freno;Fiat Palio / 2014;ACDelco;ACD1025;29
FRE-ACD-1026;Frenos;Cilindro de freno;Peugeot 206 / 2023;ACDelco;ACD1026;30
FRE-ACD-1027;Frenos;Cilindro de freno;Renault Clio / 1999;ACDelco;ACD1027;63
FRE-ACD-1028;Frenos;Pastillas de freno;Volkswagen Gol / 2001;ACDelco;ACD1028;9
FRE-ACD-1029;Frenos;Pastillas de freno;Renault Clio / 2023;ACDelco;ACD1029;91
FRE-ACD-1030;Frenos;Cilindro de freno;Ford Fiesta / 2023;ACDelco;ACD1030;112
FRE-FRM-1031;Frenos;Cilindro de freno;Peugeot 206 / 2015;Fram;FRM1031;106
FRE-FRM-1032;Frenos;Disco de freno;Peugeot 206 / 2007;Fram;FRM1032;118
FRE-FRM-1033;Frenos;Disco de freno;Toyota Corolla / 2021;Fram;FRM1033;84
FRE-FRM-1034;Frenos;Cilindro de freno;Ford Fiesta / 2008;Fram;FRM1034;144
FRE-FRM-1035;Frenos;Cilindro de freno;Fiat Palio / 2008;Fram;FRM1035;16
FRE-FRM-1036;Frenos;Disco de freno;Chevrolet Corsa / 1999;Fram;FRM1036;24
FRE-NGK-1037;Frenos;Pastillas de freno;Peugeot 206 / 1998;NGK;NGK1037;102
FRE-NGK-1038;Frenos;Cilindro de freno;Volkswagen Gol / 2000;NGK;NGK1038;1
FRE-NGK-1039;Frenos;Disco de freno;Toyota Corolla / 2002;NGK;NGK1039;81
FRE-NGK-1040;Frenos;Disco de freno;Chevrolet Corsa / 2023;NGK;NGK1040;8
FRE-NGK-1041;Frenos;Disco de freno;Fiat Palio / 2013;NGK;NGK1041;88
FRE-NGK-1042;Frenos;Disco de freno;Renault Clio / 2016;NGK;NGK1042;9
SUS-BOS-1043;Suspensió;Amortiguador delantero;Volkswagen Gol / 2018;Bosch;BOS1043;85
SUS-BOS-1044;Suspensió;Amortiguador delantero;Peugeot 206 / 1998;Bosch;BOS1044;58
SUS-BOS-1045;Suspensió;Brazo suspensió;Ford Fiesta / 2001;Bosch;BOS1045;43
SUS-BOS-1046;Suspensió;Amortiguador delantero;Chevrolet Corsa / 2007;Bosch;BOS1046;87
SUS-BOS-1047;Suspensió;Amortiguador delantero;Fiat Palio / 1998;Bosch;BOS1047;62
SUS-BOS-1048;Suspensió;Bieleta suspensió;Volkswagen Gol / 2013;Bosch;BOS1048;22
SUS-VAL-1049;Suspensió;Bieleta suspensió;Toyota Corolla / 2020;Valeo;VAL1049;79
SUS-VAL-1050;Suspensió;Amortiguador delantero;Ford Fiesta / 2009;Valeo;VAL1050;102
SUS-VAL-1051;Suspensió;Brazo suspensió;Renault Clio / 2013;Valeo;VAL1051;89
SUS-VAL-1052;Suspensió;Bieleta suspensió;Chevrolet Corsa / 2011;Valeo;VAL1052;108
SUS-VAL-1053;Suspensió;Brazo suspensió;Ford Fiesta / 2005;Valeo;VAL1053;147
SUS-VAL-1054;Suspensió;Bieleta suspensió;Toyota Corolla / 2001;Valeo;VAL1054;143
SUS-SKF-1055;Suspensió;Bieleta suspensió;Peugeot 206 / 2009;SKF;SKF1055;141
SUS-SKF-1056;Suspensió;Brazo suspensió;Ford Fiesta / 2012;SKF;SKF1056;7
SUS-SKF-1057;Suspensió;Brazo suspensió;Fiat Palio / 2018;SKF;SKF1057;41
SUS-SKF-1058;Suspensió;Amortiguador delantero;Volkswagen Gol / 2008;SKF;SKF1058;45
SUS-SKF-1059;Suspensió;Brazo suspensió;Volkswagen Gol / 2023;SKF;SKF1059;58
SUS-SKF-1060;Suspensió;Amortiguador delantero;Renault Clio / 2014;SKF;SKF1060;14
SUS-TRW-1061;Suspensió;Bieleta suspensió;Toyota Corolla / 2010;TRW;TRW1061;77
SUS-TRW-1062;Suspensió;Brazo suspensió;Fiat Palio / 2015;TRW;TRW1062;62
SUS-TRW-1063;Suspensió;Amortiguador delantero;Ford Fiesta / 2003;TRW;TRW1063;42
SUS-TRW-1064;Suspensió;Bieleta suspensió;Toyota Corolla / 2014;TRW;TRW1064;17
SUS-TRW-1065;Suspensió;Brazo suspensió;Fiat Palio / 2013;TRW;TRW1065;136
SUS-TRW-1066;Suspensió;Amortiguador delantero;Ford Fiesta / 2020;TRW;TRW1066;129
SUS-ACD-1067;Suspensió;Brazo suspensió;Chevrolet Corsa / 2002;ACDelco;ACD1067;122
SUS-ACD-1068;Suspensió;Amortiguador delantero;Volkswagen Gol / 1999;ACDelco;ACD1068;23
SUS-ACD-1069;Suspensió;Brazo suspensió;Toyota Corolla / 2016;ACDelco;ACD1069;120
SUS-ACD-1070;Suspensió;Bieleta suspensió;Peugeot 206 / 2006;ACDelco;ACD1070;121
SUS-ACD-1071;Suspensió;Bieleta suspensió;Volkswagen Gol / 2012;ACDelco;ACD1071;58
SUS-ACD-1072;Suspensió;Amortiguador delantero;Chevrolet Corsa / 2017;ACDelco;ACD1072;121
SUS-FRM-1073;Suspensió;Brazo suspensió;Toyota Corolla / 2020;Fram;FRM1073;102
SUS-FRM-1074;Suspensió;Bieleta suspensió;Renault Clio / 2010;Fram;FRM1074;99
SUS-FRM-1075;Suspensió;Amortiguador delantero;Ford Fiesta / 2017;Fram;FRM1075;96
SUS-FRM-1076;Suspensió;Bieleta suspensió;Renault Clio / 2017;Fram;FRM1076;126
SUS-FRM-1077;Suspensió;Amortiguador delantero;Peugeot 206 / 2015;Fram;FRM1077;84
SUS-FRM-1078;Suspensió;Brazo suspensió;Toyota Corolla / 1998;Fram;FRM1078;4
SUS-NGK-1079;Suspensió;Bieleta suspensió;Toyota Corolla / 2017;NGK;NGK1079;32
SUS-NGK-1080;Suspensió;Bieleta suspensió;Renault Clio / 2005;NGK;NGK1080;113
SUS-NGK-1081;Suspensió;Bieleta suspensió;Toyota Corolla / 2021;NGK;NGK1081;47
SUS-NGK-1082;Suspensió;Amortiguador delantero;Ford Fiesta / 2009;NGK;NGK1082;0
SUS-NGK-1083;Suspensió;Brazo suspensió;Renault Clio / 2001;NGK;NGK1083;41
SUS-NGK-1084;Suspensió;Bieleta suspensió;Toyota Corolla / 2011;NGK;NGK1084;35
MOT-BOS-1085;Motor;Correa de distribució;Chevrolet Corsa / 2011;Bosch;BOS1085;42
MOT-BOS-1086;Motor;Correa de distribució;Fiat Palio / 2006;Bosch;BOS1086;97
MOT-BOS-1087;Motor;Correa de distribució;Chevrolet Corsa / 2020;Bosch;BOS1087;50
MOT-BOS-1088;Motor;Correa de distribució;Renault Clio / 2005;Bosch;BOS1088;106
MOT-BOS-1089;Motor;Correa de distribució;Fiat Palio / 2008;Bosch;BOS1089;90
MOT-BOS-1090;Motor;Bomba de agua;Peugeot 206 / 2006;Bosch;BOS1090;18
MOT-VAL-1091;Motor;Correa de distribució;Renault Clio / 2021;Valeo;VAL1091;103
MOT-VAL-1092;Motor;Soporte de motor;Volkswagen Gol / 2001;Valeo;VAL1092;13
MOT-VAL-1093;Motor;Correa de distribució;Volkswagen Gol / 2012;Valeo;VAL1093;147
MOT-VAL-1094;Motor;Correa de distribució;Fiat Palio / 2015;Valeo;VAL1094;13
MOT-VAL-1095;Motor;Soporte de motor;Chevrolet Corsa / 2020;Valeo;VAL1095;45
MOT-VAL-1096;Motor;Soporte de motor;Peugeot 206 / 1998;Valeo;VAL1096;94
MOT-SKF-1097;Motor;Correa de distribució;Peugeot 206 / 2019;SKF;SKF1097;87
MOT-SKF-1098;Motor;Bomba de agua;Renault Clio / 1999;SKF;SKF1098;12
MOT-SKF-1099;Motor;Soporte de motor;Peugeot 206 / 2015;SKF;SKF1099;58
MOT-SKF-1100;Motor;Correa de distribució;Ford Fiesta / 2014;SKF;SKF1100;113
MOT-SKF-1101;Motor;Bomba de agua;Volkswagen Gol / 2008;SKF;SKF1101;113
MOT-SKF-1102;Motor;Correa de distribució;Renault Clio / 2000;SKF;SKF1102;51
MOT-TRW-1103;Motor;Bomba de agua;Chevrolet Corsa / 2013;TRW;TRW1103;99
MOT-TRW-1104;Motor;Bomba de agua;Chevrolet Corsa / 2003;TRW;TRW1104;47
MOT-TRW-1105;Motor;Bomba de agua;Volkswagen Gol / 2019;TRW;TRW1105;111
MOT-TRW-1106;Motor;Correa de distribució;Fiat Palio / 2017;TRW;TRW1106;75
MOT-TRW-1107;Motor;Correa de distribució;Volkswagen Gol / 2001;TRW;TRW1107;61
MOT-TRW-1108;Motor;Soporte de motor;Volkswagen Gol / 2015;TRW;TRW1108;11
MOT-ACD-1109;Motor;Bomba de agua;Toyota Corolla / 2021;ACDelco;ACD1109;140
MOT-ACD-1110;Motor;Bomba de agua;Chevrolet Corsa / 1998;ACDelco;ACD1110;115
MOT-ACD-1111;Motor;Bomba de agua;Renault Clio / 2007;ACDelco;ACD1111;129
MOT-ACD-1112;Motor;Bomba de agua;Peugeot 206 / 2001;ACDelco;ACD1112;143
MOT-ACD-1113;Motor;Correa de distribució;Ford Fiesta / 2014;ACDelco;ACD1113;108
MOT-ACD-1114;Motor;Bomba de agua;Fiat Palio / 2022;ACDelco;ACD1114;20
MOT-FRM-1115;Motor;Correa de distribució;Peugeot 206 / 2010;Fram;FRM1115;87
MOT-FRM-1116;Motor;Correa de distribució;Volkswagen Gol / 2023;Fram;FRM1116;83
MOT-FRM-1117;Motor;Bomba de agua;Renault Clio / 2007;Fram;FRM1117;117
MOT-FRM-1118;Motor;Bomba de agua;Volkswagen Gol / 2009;Fram;FRM1118;101
MOT-FRM-1119;Motor;Bomba de agua;Peugeot 206 / 2008;Fram;FRM1119;102
MOT-FRM-1120;Motor;Soporte de motor;Peugeot 206 / 2019;Fram;FRM1120;96
MOT-NGK-1121;Motor;Correa de distribució;Ford Fiesta / 2012;NGK;NGK1121;10
MOT-NGK-1122;Motor;Bomba de agua;Volkswagen Gol / 2016;NGK;NGK1122;68
MOT-NGK-1123;Motor;Bomba de agua;Ford Fiesta / 2008;NGK;NGK1123;110
MOT-NGK-1124;Motor;Correa de distribució;Ford Fiesta / 2011;NGK;NGK1124;7
MOT-NGK-1125;Motor;Bomba de agua;Fiat Palio / 2011;NGK;NGK1125;52
MOT-NGK-1126;Motor;Bomba de agua;Chevrolet Corsa / 2010;NGK;NGK1126;126
ELE-BOS-1127;Electricidad;Bobina de encendido;Renault Clio / 2003;Bosch;BOS1127;43
ELE-BOS-1128;Electricidad;Bobina de encendido;Renault Clio / 2002;Bosch;BOS1128;1
ELE-BOS-1129;Electricidad;Bobina de encendido;Fiat Palio / 2000;Bosch;BOS1129;55
ELE-BOS-1130;Electricidad;Bobina de encendido;Toyota Corolla / 2020;Bosch;BOS1130;137
ELE-BOS-1131;Electricidad;Bobina de encendido;Volkswagen Gol / 2011;Bosch;BOS1131;123
ELE-BOS-1132;Electricidad;Motor de arranque;Ford Fiesta / 2006;Bosch;BOS1132;13
ELE-VAL-1133;Electricidad;Alternador;Volkswagen Gol / 2022;Valeo;VAL1133;122
ELE-VAL-1134;Electricidad;Alternador;Volkswagen Gol / 2001;Valeo;VAL1134;57
ELE-VAL-1135;Electricidad;Motor de arranque;Chevrolet Corsa / 2011;Valeo;VAL1135;136
ELE-VAL-1136;Electricidad;Bobina de encendido;Chevrolet Corsa / 2001;Valeo;VAL1136;5
ELE-VAL-1137;Electricidad;Alternador;Fiat Palio / 2008;Valeo;VAL1137;123
ELE-VAL-1138;Electricidad;Alternador;Fiat Palio / 2000;Valeo;VAL1138;137
ELE-SKF-1139;Electricidad;Bobina de encendido;Volkswagen Gol / 2002;SKF;SKF1139;131
ELE-SKF-1140;Electricidad;Bobina de encendido;Renault Clio / 2022;SKF;SKF1140;124
ELE-SKF-1141;Electricidad;Motor de arranque;Toyota Corolla / 2021;SKF;SKF1141;56
ELE-SKF-1142;Electricidad;Alternador;Chevrolet Corsa / 2023;SKF;SKF1142;143
ELE-SKF-1143;Electricidad;Bobina de encendido;Renault Clio / 2013;SKF;SKF1143;58
ELE-SKF-1144;Electricidad;Bobina de encendido;Renault Clio / 2009;SKF;SKF1144;136
ELE-TRW-1145;Electricidad;Bobina de encendido;Fiat Palio / 2014;TRW;TRW1145;119
ELE-TRW-1146;Electricidad;Motor de arranque;Renault Clio / 2004;TRW;TRW1146;126
ELE-TRW-1147;Electricidad;Motor de arranque;Chevrolet Corsa / 2013;TRW;TRW1147;31
ELE-TRW-1148;Electricidad;Alternador;Volkswagen Gol / 2005;TRW;TRW1148;61
ELE-TRW-1149;Electricidad;Alternador;Volkswagen Gol / 2003;TRW;TRW1149;21
ELE-TRW-1150;Electricidad;Bobina de encendido;Chevrolet Corsa / 2016;TRW;TRW1150;7
ELE-ACD-1151;Electricidad;Alternador;Ford Fiesta / 2018;ACDelco;ACD1151;104
ELE-ACD-1152;Electricidad;Alternador;Peugeot 206 / 2004;ACDelco;ACD1152;63
ELE-ACD-1153;Electricidad;Motor de arranque;Fiat Palio / 2016;ACDelco;ACD1153;89
ELE-ACD-1154;Electricidad;Motor de arranque;Toyota Corolla / 2021;ACDelco;ACD1154;129
ELE-ACD-1155;Electricidad;Motor de arranque;Ford Fiesta / 2006;ACDelco;ACD1155;105
ELE-ACD-1156;Electricidad;Motor de arranque;Toyota Corolla / 2001;ACDelco;ACD1156;54
ELE-FRM-1157;Electricidad;Motor de arranque;Renault Clio / 2013;Fram;FRM1157;72
ELE-FRM-1158;Electricidad;Motor de arranque;Peugeot 206 / 2014;Fram;FRM1158;95
ELE-FRM-1159;Electricidad;Bobina de encendido;Volkswagen Gol / 2021;Fram;FRM1159;15
ELE-FRM-1160;Electricidad;Alternador;Chevrolet Corsa / 2016;Fram;FRM1160;54
ELE-FRM-1161;Electricidad;Motor de arranque;Chevrolet Corsa / 2003;Fram;FRM1161;38
ELE-FRM-1162;Electricidad;Bobina de encendido;Toyota Corolla / 2000;Fram;FRM1162;86
ELE-NGK-1163;Electricidad;Bobina de encendido;Volkswagen Gol / 2002;NGK;NGK1163;70
ELE-NGK-1164;Electricidad;Bobina de encendido;Toyota Corolla / 2011;NGK;NGK1164;32
ELE-NGK-1165;Electricidad;Bobina de encendido;Chevrolet Corsa / 2015;NGK;NGK1165;7
ELE-NGK-1166;Electricidad;Alternador;Volkswagen Gol / 2006;NGK;NGK1166;104
ELE-NGK-1167;Electricidad;Bobina de encendido;Ford Fiesta / 2021;NGK;NGK1167;144
ELE-NGK-1168;Electricidad;Alternador;Fiat Palio / 2019;NGK;NGK1168;14
FIL-BOS-1169;Filtros;Filtro de aceite;Fiat Palio / 1998;Bosch;BOS1169;17
FIL-BOS-1170;Filtros;Filtro de combustible;Fiat Palio / 2009;Bosch;BOS1170;20
FIL-BOS-1171;Filtros;Filtro de aire;Ford Fiesta / 2013;Bosch;BOS1171;7
FIL-BOS-1172;Filtros;Filtro de aceite;Volkswagen Gol / 1999;Bosch;BOS1172;103
FIL-BOS-1173;Filtros;Filtro de combustible;Toyota Corolla / 2013;Bosch;BOS1173;113
FIL-BOS-1174;Filtros;Filtro de aceite;Chevrolet Corsa / 2001;Bosch;BOS1174;17
FIL-VAL-1175;Filtros;Filtro de aire;Chevrolet Corsa / 2015;Valeo;VAL1175;6
FIL-VAL-1176;Filtros;Filtro de combustible;Ford Fiesta / 2009;Valeo;VAL1176;15
FIL-VAL-1177;Filtros;Filtro de aire;Toyota Corolla / 2013;Valeo;VAL1177;32
FIL-VAL-1178;Filtros;Filtro de aceite;Toyota Corolla / 2012;Valeo;VAL1178;41
FIL-VAL-1179;Filtros;Filtro de aire;Fiat Palio / 2007;Valeo;VAL1179;84
FIL-VAL-1180;Filtros;Filtro de aceite;Chevrolet Corsa / 2020;Valeo;VAL1180;75
FIL-SKF-1181;Filtros;Filtro de aceite;Fiat Palio / 2000;SKF;SKF1181;38
FIL-SKF-1182;Filtros;Filtro de combustible;Volkswagen Gol / 2006;SKF;SKF1182;114
FIL-SKF-1183;Filtros;Filtro de combustible;Volkswagen Gol / 2014;SKF;SKF1183;5
FIL-SKF-1184;Filtros;Filtro de combustible;Toyota Corolla / 2005;SKF;SKF1184;54
FIL-SKF-1185;Filtros;Filtro de aceite;Volkswagen Gol / 1998;SKF;SKF1185;63
FIL-SKF-1186;Filtros;Filtro de combustible;Volkswagen Gol / 2023;SKF;SKF1186;114
FIL-TRW-1187;Filtros;Filtro de aire;Chevrolet Corsa / 2020;TRW;TRW1187;141
FIL-TRW-1188;Filtros;Filtro de aceite;Fiat Palio / 2013;TRW;TRW1188;65
FIL-TRW-1189;Filtros;Filtro de aceite;Fiat Palio / 2008;TRW;TRW1189;60
FIL-TRW-1190;Filtros;Filtro de aceite;Ford Fiesta / 2007;TRW;TRW1190;41
FIL-TRW-1191;Filtros;Filtro de combustible;Ford Fiesta / 2015;TRW;TRW1191;120
FIL-TRW-1192;Filtros;Filtro de aire;Volkswagen Gol / 2022;TRW;TRW1192;95
FIL-ACD-1193;Filtros;Filtro de combustible;Toyota Corolla / 1998;ACDelco;ACD1193;85
FIL-ACD-1194;Filtros;Filtro de aire;Volkswagen Gol / 2003;ACDelco;ACD1194;56
FIL-ACD-1195;Filtros;Filtro de aceite;Volkswagen Gol / 2010;ACDelco;ACD1195;104
FIL-ACD-1196;Filtros;Filtro de aire;Toyota Corolla / 2009;ACDelco;ACD1196;65
FIL-ACD-1197;Filtros;Filtro de aire;Chevrolet Corsa / 2020;ACDelco;ACD1197;50
FIL-ACD-1198;Filtros;Filtro de aceite;Toyota Corolla / 2019;ACDelco;ACD1198;128
FIL-FRM-1199;Filtros;Filtro de combustible;Renault Clio / 2023;Fram;FRM1199;95
FIL-FRM-1200;Filtros;Filtro de aceite;Volkswagen Gol / 2022;Fram;FRM1200;120
FIL-FRM-1201;Filtros;Filtro de aceite;Toyota Corolla / 2014;Fram;FRM1201;144
FIL-FRM-1202;Filtros;Filtro de aceite;Ford Fiesta / 2010;Fram;FRM1202;87
FIL-FRM-1203;Filtros;Filtro de combustible;Volkswagen Gol / 2018;Fram;FRM1203;23
FIL-FRM-1204;Filtros;Filtro de combustible;Fiat Palio / 2002;Fram;FRM1204;62
FIL-NGK-1205;Filtros;Filtro de aceite;Toyota Corolla / 2014;NGK;NGK1205;11
FIL-NGK-1206;Filtros;Filtro de aire;Peugeot 206 / 1998;NGK;NGK1206;0
FIL-NGK-1207;Filtros;Filtro de aire;Peugeot 206 / 2009;NGK;NGK1207;107
FIL-NGK-1208;Filtros;Filtro de aceite;Renault Clio / 2005;NGK;NGK1208;5
FIL-NGK-1209;Filtros;Filtro de aceite;Renault Clio / 1999;NGK;NGK1209;136
FIL-NGK-1210;Filtros;Filtro de aire;Toyota Corolla / 2002;NGK;NGK1210;67
TRN-BOS-1211;Transmisió;Embrague completo;Renault Clio / 2004;Bosch;BOS1211;98
TRN-BOS-1212;Transmisió;Embrague completo;Peugeot 206 / 2021;Bosch;BOS1212;5
TRN-BOS-1213;Transmisió;Caja de cambios;Toyota Corolla / 2003;Bosch;BOS1213;19
TRN-BOS-1214;Transmisió;Embrague completo;Toyota Corolla / 2010;Bosch;BOS1214;50
TRN-BOS-1215;Transmisió;Rulemán de empuj;Fiat Palio / 2021;Bosch;BOS1215;52
TRN-BOS-1216;Transmisió;Caja de cambios;Renault Clio / 1998;Bosch;BOS1216;42
TRN-VAL-1217;Transmisió;Rulemán de empuj;Toyota Corolla / 2002;Valeo;VAL1217;18
TRN-VAL-1218;Transmisió;Rulemán de empuj;Volkswagen Gol / 2022;Valeo;VAL1218;52
TRN-VAL-1219;Transmisió;Embrague completo;Renault Clio / 2009;Valeo;VAL1219;142
TRN-VAL-1220;Transmisió;Caja de cambios;Fiat Palio / 2014;Valeo;VAL1220;45
